time,open,high,low,close,volume
0,99.737025,100.113725,99.438571,99.866804,59.75652214020133357053055079
1,99.428007,99.977109,99.428007,99.977109,48.46304140350347822163712408
2,99.410748,99.866804000000001906300894916057586669921875,99.410748,99.866804000000001906300894916057586669921875,96.40263968177412401416859214
3,99.286499,99.921687,99.286499,99.429783,80.87340457945448513044084392
4,99.726985,99.726985,99.151595,99.429783,103.8647007739046923546766265
5,99.198809,99.700614,99.198809,99.4297830000000004702087608166038990020751953125,97.24952453624793946573845458
6,99.404033,99.4297830000000004702087608166038990020751953125,99.133597,99.4297830000000004702087608166038990020751953125,73.85552845664648380363814794
7,99.033216,99.570934,99.033216,99.4297830000000004702087608166038990020751953125,69.39912066341005214553661063
8,99.335340,99.621261,99.112735,99.112735,94.75684531859785053597988736
9,99.183502,99.443979,99.004074,99.112735,142.5188069127404020264293650
10,98.985991,99.443979,98.985991,99.112735,79.68883450107252386374057096
11,98.706042,99.378231,98.706042,99.112735,98.08794050378115869648354418
12,98.833426,99.431494,98.833426,99.1127350000000006957634468562901020050048828125,81.35440892176937133228875611
13,99.112735,99.141906,98.631755,99.141906,104.9445222599104390326374414
14,99.068711,99.1127350000000006957634468562901020050048828125,98.743555,98.743555,91.38498402588528435330772482
15,98.651687,99.105062,98.556454,98.743555,74.20760801646092197358939302
16,98.936730,99.134155,98.697866,98.743555,123.8819915633261956600108533
17,98.859756,99.052721,98.576325,98.743555,84.34028808342652183682730538
18,99.052721,99.088406,98.642225,98.743555,64.75600031046226767728057894
19,98.690661,99.136291,98.662936,98.743555,104.6008733116424487263884658
20,98.589021,99.129322,98.579977,98.743555,106.7815155484720719414326595
21,98.763663,99.129322,98.743555,98.743555,84.57700897872298284596581652
22,98.798925,98.850253,98.743555,98.743555,54.45270006989840005928726896
23,98.976627,99.096900,98.666217,98.743555,84.47772328615137560348102852
24,98.625363,99.093195,98.625363,98.743555,62.69644752159591050144626934
25,98.453621,99.117644,98.453621,98.743555,93.81740932479907968399857054
26,99.117644,99.129322,98.743555,98.743555,73.74503110693772001127399562
27,98.937643,99.14190600000000586078385822474956512451171875,98.464864,98.743555,149.4044935224398145123814175
28,99.14190600000000586078385822474956512451171875,99.167027,98.743555,98.743555,90.89788890144600230769356131
29,99.021456,99.021456,98.743555,98.743555,66.29509026367093227349869267
30,99.167027,99.178853,98.558663,98.743555,75.40234430930333076048555086
31,98.551497,99.111182,98.453070,98.595391,112.1811166198893943146686069
32,98.727312,98.7435550000000006320988177321851253509521484375,98.083890,98.595391,118.2865552787084304497966514
33,98.7435550000000006320988177321851253509521484375,98.765614,98.252314,98.595391,71.53290849848625931883816520
34,98.765614,98.832301,98.056088,98.595391,114.9881776957714816234101818
35,98.708050,98.872066,98.595391,98.595391,63.28673730904941585606593434
36,98.709373,98.905815,98.059286,98.595391,110.7897207721653227707747646
37,98.253759,98.903292,97.825905,98.595391,93.42542422970884530286639347
38,98.439408,98.895111,98.439408,98.595391,67.02268481249078568851018646
39,98.724084,98.882402,98.595391,98.595391,53.71384099601958084235775460
40,98.674873,98.674873,98.202095,98.595391,72.90335891118933986376760004
41,98.674873,98.815884,98.115660,98.59539100000000644286046735942363739013671875,96.25271621509095076874018562
42,98.137669,98.663321,98.040345,98.451766,92.75386649674945260812819470
43,98.433874,98.799453,98.385640,98.451766,142.1837981610779824137580363
44,98.713531,98.864864,98.451766,98.451766,91.59393382392947913217540190
45,98.458193,98.805204,98.233787,98.451766,115.0559488664663483348249429
46,98.709331,98.874120,98.451766,98.451766,75.87214398447550678383777268
47,98.548201,98.907453,98.451766,98.451766,103.7426118160754455743699509
48,98.850709,98.909961,98.291442,98.451766,73.21378453855127865779195418
49,98.844585,98.917790,98.451766,98.451766,63.43526704065135923826801446
50,98.346954,98.921528,98.346954,98.451766,94.73818766564304461041956529
51,98.651111,98.921528,98.451766,98.451766,93.23140207400426149320082915
52,98.361281,98.937744,98.361281,98.451766,93.57865451522662780803329950
53,98.593202,98.937744,98.303333,98.451766,101.4075543588343766288062398
54,98.356130,98.945665,98.356130,98.451766,73.51620546993226135157328826
55,98.810115,98.843227,98.054763,98.451766,106.5541983615828822706816936
56,98.843227,98.945665,98.451766,98.451766,98.27395323865482801295456739
57,98.686465,98.959913,98.451766,98.451766,84.42556314118444404925867274
58,98.799282,98.881217,98.330363,98.451766,79.34298748730294192910150741
59,98.459347,98.829070,98.451766,98.451766,74.35862711762594656761393708
60,98.431752,98.865308,98.307162,98.451766,95.33880600518918768671028375
61,98.000280,98.865308,98.000280,98.451766,74.25047992364950744104135083
62,98.821832,98.821832,98.069117,98.451766,123.9473587077098137854136439
63,98.693792,98.866616,98.451766,98.451766,64.12651307500221697921460872
64,98.181971,98.677978,98.181971,98.451766,81.89388040454286965541541576
65,98.505251,98.604739,98.280676,98.451766,102.3199948260886298356808766
66,98.403621,98.729193,97.967986,98.4517660000000063291736296378076076507568359375,124.9025392094720707802935066
67,97.948187,98.550328,97.888696,98.4517660000000063291736296378076076507568359375,112.2246928599490587430409505
68,98.190516,98.558530,98.108077,98.475504,103.0776382159814339445347286
69,98.310159,98.530760,97.901729,98.530760,115.0375998314873893235699143
70,98.407731,98.475504000000000814907252788543701171875,97.799043,98.475504000000000814907252788543701171875,106.0661662994193985554147730
71,98.338528,98.5307600000000007867129170335829257965087890625,97.876458,97.876458,119.3198893819990686893106612
72,98.412962,98.5307600000000007867129170335829257965087890625,97.8764579999999995152393239550292491912841796875,97.876458,146.3893236504616783832943838
73,98.289833,98.545186,97.8764579999999995152393239550292491912841796875,97.876458,108.3152024034315505929271239
74,98.352100,98.411056,97.8764579999999995152393239550292491912841796875,97.876458,102.4794759261754286683299142
75,98.406270,98.407074,97.8764579999999995152393239550292491912841796875,97.876458,104.2992007028338878882323115
76,98.252213,98.422866,97.8764579999999995152393239550292491912841796875,97.876458,85.46554335485417652762407671
77,98.316879,98.447138,97.8764579999999995152393239550292491912841796875,97.876458,74.20746621859184166680734051
78,98.031538,98.436214,97.8764579999999995152393239550292491912841796875,97.876458,132.4250499782376166990616184
79,98.183447,98.487353,97.867783,97.876458,133.1128571105120226292228835
80,98.229418,98.540222,97.8764579999999995152393239550292491912841796875,97.876458,94.09482207122243835328845308
81,98.156446,98.386144,97.8764579999999995152393239550292491912841796875,97.876458,75.49423279402416042671575270
82,98.010627,98.447919,97.8764579999999995152393239550292491912841796875,97.876458,94.28583953443545695449756749
83,97.859606,98.486092,97.769454,97.876458,105.4250795268455238584692779
84,98.349594,98.371011,97.768341,97.876458,102.4835723773034956707306264
85,97.931989,98.405104,97.718646,97.876458,113.3856036812267618074656639
86,98.405104,98.524835,97.8764579999999995152393239550292491912841796875,97.876458,87.01192343414662566658535069
87,98.524835,98.544329,97.8764579999999995152393239550292491912841796875,97.876458,94.09243356100033217614964088
88,98.430725,98.558679,97.8764579999999995152393239550292491912841796875,97.876458,73.12681154063940347498373740
89,98.558679,98.581593,97.8764579999999995152393239550292491912841796875,97.876458,72.36551199309475634890986840
90,98.170039,98.581593,97.8764579999999995152393239550292491912841796875,97.876458,83.03617637323209876853979950
91,98.581593,98.595209,97.8764579999999995152393239550292491912841796875,97.876458,101.8251187162734439084488258
92,98.061337,98.595472,97.8764579999999995152393239550292491912841796875,97.876458,104.9219458428154165829937483
93,98.163769,98.610109,97.8764579999999995152393239550292491912841796875,97.876458,84.16627596579086834083227586
94,97.879014,98.515925,97.504807,97.876458,95.15357272202428084995062818
95,97.734457,98.582256,97.734457,97.876458,74.95021514952256502795080450
96,98.216253,98.235931,97.871169,97.876458,93.09590887822477434099255334
97,98.235931,98.511320,97.764634,97.876458,104.2165528141680752582942660
98,98.268879,98.581086,97.8764579999999995152393239550292491912841796875,97.876458,83.01234668517449932778617950
99,98.241859,98.241859,97.815726,97.876458,72.15174571319960783455371711
100,97.785906,98.326024,97.785906,97.876458,84.08458887776997059404493484
101,97.959150,98.511230,97.8764579999999995152393239550292491912841796875,97.876458,94.93388485743018812001992045
102,98.053876,98.244177,97.707528,97.876458,91.23797672439025774338006160
103,97.951870,98.257563,97.839483,97.876458,114.0958580053883100191569611
104,98.175221,98.343127,97.814841,97.876458,93.98644726920304748318812925
105,98.105899,98.345063,97.720033,97.876458,123.2980593100005517470663108
106,98.146846,98.345063,97.8764579999999995152393239550292491912841796875,97.876458,63.88816423226796281653605547
107,98.166186,98.373857,97.790869,97.876458,113.6729557375458821155689293
108,98.226317,98.414425,97.841410,97.876458,104.0787840909923183119190071
109,98.414425,98.456656,97.672222,97.876458,134.0807065998003846374331260
110,98.003026,98.126331,97.857906,97.876458,91.79059072142421449314042548
111,98.136950,98.373998,97.781510,97.876458,115.0981542176064760241160911
112,98.342019,98.342019,97.8764579999999995152393239550292491912841796875,97.876458,53.46066360663187744250990363
113,97.732709,98.182311,97.732709,97.876458,63.06344765637258298340839248
114,98.053694,98.297638,97.731836,97.876458,116.0206735644437898713476898
115,98.262133,98.297638,97.678431,97.876458,55.72496353024386728236549969
116,97.782685,98.326730,97.707194,97.876458,96.15124940525532615254178380
117,98.131841,98.283126,97.625729,97.876458,74.34780870865804658365050272
118,97.794438,98.286547,97.794438,97.876458,83.43765442033964241375088023
119,97.550487,98.348773,97.545510,97.876458,124.5524111940825466859905646
120,98.348773,98.362717,97.852878,97.876458,61.84357930993025576071886462
121,98.351893,98.410390,97.8764579999999995152393239550292491912841796875,97.8764579999999995152393239550292491912841796875,69.21751497655855978052841238
122,98.410390,98.422722,97.833912,97.8764579999999995152393239550292491912841796875,105.3992840400288582003440752
123,97.917837,98.208143,97.541221,97.8764579999999995152393239550292491912841796875,77.57031475359747219044947996
124,97.860490,98.160392,97.803082,97.8764579999999995152393239550292491912841796875,97.58456343456796489022053719
125,98.034389,98.208143,97.384775,97.8764579999999995152393239550292491912841796875,113.0584013259646294358162777
126,97.738187,98.247112,97.738187,97.8764579999999995152393239550292491912841796875,73.93156114710955861824004388
127,98.085508,98.247112,97.842867,97.8764579999999995152393239550292491912841796875,96.10774417571246530656026151
128,97.268219,98.249260,97.268219,97.8764579999999995152393239550292491912841796875,84.57554132147763503724036126
129,98.106062,98.137156,97.8764579999999995152393239550292491912841796875,97.8764579999999995152393239550292491912841796875,44.44874774005707784851892939
130,98.137156,98.235875,97.8764579999999995152393239550292491912841796875,97.8764579999999995152393239550292491912841796875,64.27951956720331772032750450
131,98.078926,98.147441,97.8764579999999995152393239550292491912841796875,97.8764579999999995152393239550292491912841796875,75.33778037798444060513247678
132,97.623654,98.147441,97.539685,97.8764579999999995152393239550292491912841796875,105.3385644737740758358768289
133,97.280350,98.208567,97.280350,97.8764579999999995152393239550292491912841796875,130.1294475389720464164611258
134,98.036018,98.146426,97.663070,97.8764579999999995152393239550292491912841796875,75.00379294073574953927163733
135,98.146426,98.231480,97.480986,97.8764579999999995152393239550292491912841796875,123.1805857958357375281366330
136,97.410029,98.176913,97.389598,97.8764579999999995152393239550292491912841796875,96.42366029230774771008327662
137,97.973368,98.257047,97.306362,97.8764579999999995152393239550292491912841796875,102.9848582437179302928598190
138,98.135098,98.266760,97.8764579999999995152393239550292491912841796875,97.8764579999999995152393239550292491912841796875,95.44758234287298392928278190
139,97.886875,98.248197,97.841417,97.8764579999999995152393239550292491912841796875,103.1346563758976735414307768
140,97.747898,98.126151,97.728266,97.8764579999999995152393239550292491912841796875,104.5159240722339557549958044
141,97.858445,98.266760,97.523458,97.8764579999999995152393239550292491912841796875,71.96951063719195396117811470
142,97.844946,98.025152,97.664971,97.8764579999999995152393239550292491912841796875,103.6912206697277927247569096
143,97.610383,98.063067,97.558285,97.8764579999999995152393239550292491912841796875,101.7053146110935557544507901
144,97.824955,98.124443,97.770146,97.8764579999999995152393239550292491912841796875,113.7037643030870288640699073
145,97.954142,98.266721,97.654886,97.8764579999999995152393239550292491912841796875,82.42748040773964568472820246
146,98.039349,98.258245,97.850349,97.8764579999999995152393239550292491912841796875,81.88633712529691344172988462
147,97.804463,98.266721,97.804463,97.8764579999999995152393239550292491912841796875,87.34050922902323144114689058
148,97.888234,98.122376,97.607393,97.8764579999999995152393239550292491912841796875,72.43304862314288605773526798
149,97.722350,98.014818,97.386373,97.8764579999999995152393239550292491912841796875,62.04282389583924128828584802
150,97.8764579999999995152393239550292491912841796875,97.964957,97.618956,97.618956,110.1689240460876568761250384
151,97.759340,97.889956,97.618955999999997175109456293284893035888671875,97.618956,111.6924632120125142620281622
152,97.425133,98.007157,97.425133,97.618956,93.37800945787333617431613675
153,97.373927,98.056396,97.373927,97.618956,94.25345887634936481447311964
154,97.911295,98.056396,97.610856,97.618956,65.23716269632703124159434082
155,97.679410,97.940602,97.559443,97.618956,73.29630189554570485199747053
156,97.385554,98.056396,97.385554,97.618956,132.7837907681673925708309980
157,97.450920,97.928101,97.450920,97.618956,73.68004206342006412455702958
158,97.928101,98.025178,97.618955999999997175109456293284893035888671875,97.618956,102.7362431434857441558961000
159,97.801142,98.075462,97.618955999999997175109456293284893035888671875,97.618956,92.68996523456515745920114568
160,97.707432,97.936808,97.587342,97.618956,94.69661161392641268719216894
161,97.876343,98.042517,97.618955999999997175109456293284893035888671875,97.618956,104.5513244778903398923830537
162,98.042517,98.075462,97.286855,97.618956,105.7097592625678110778153496
163,98.075462,98.088553,97.618955999999997175109456293284893035888671875,97.618956,53.49319442604745589164849662
164,97.750669,98.014869,97.618955999999997175109456293284893035888671875,97.618956,94.65960131118884923751011229
165,98.014869,98.109045,97.405786,97.618956,92.44243562466344776851201459
166,97.446552,98.121522,97.446552,97.618956,82.58259079711239358800867194
167,97.950842,98.123062,97.618955999999997175109456293284893035888671875,97.618956,74.02727229734556146922841435
168,97.688311,98.137085,97.437799,97.618956,102.5066829977262106154967114
169,97.706388,98.138838,97.453141,97.618956,103.5094968002584145949640515
170,98.138838,98.139430,97.618955999999997175109456293284893035888671875,97.618956,64.29923865889893086489337292
171,98.088472,98.100215,97.522296,97.618956,43.25344192541337484669838886
172,97.885449,98.139430,97.517444,97.618956,93.59832727902142401887886080
173,98.139430,98.141084,97.604266,97.618956,74.69450219104075472387194168
174,97.252252,98.142948,97.252252,97.618956,104.8039649832455051381430167
175,97.632494,97.898705,97.594448,97.618956,83.67832283869448950497371699
176,97.898705,98.138752,97.618955999999997175109456293284893035888671875,97.618956,83.15382809528383845076859871
177,97.893424,98.143456,97.417060,97.618956,82.97526224435818775759798882
178,97.827225,98.156053,97.181229,97.618956,73.87891894851397189825092937
179,97.760307,97.943095,97.618955999999997175109456293284893035888671875,97.618956,72.81623661913219791586016072
180,97.831240,97.985188,97.351054,97.618956,102.5540230621806365718384768
181,97.687334,97.985345,97.179012,97.618956,111.6351260548433685926283942
182,97.985345,98.049643,97.311746,97.618956,102.8535503267589241715995740
183,97.998047,98.066192,97.507361,97.618956,102.8920868576035534402990379
184,98.066192,98.080318,97.350736,97.618956,124.4364363007633116353645164
185,97.587748,97.618956,97.342996,97.618956,62.91375746838510174541170273
186,97.814196,97.882701,97.618677,97.618956,94.16097056209441085172784369
187,97.882701,98.000483,97.537486,97.618956,96.00594239296560417074033466
188,97.429975,98.000483,97.429975,97.618956,62.63984884356667137694785196
189,97.502793,98.060416,97.502793,97.618956,85.37865469505325499710579607
190,98.060416,98.062698,97.467407,97.618956,91.97070255242130798478683572
191,98.062698,98.080318,97.618955999999997175109456293284893035888671875,97.618956,63.96027457318960252052875148
192,97.500406,98.085109,97.500406,97.618956,93.05215687760150089502531046
193,97.808952,98.091474,97.589623,97.618956,64.40160891916800345313731668
194,97.898226,98.099826,97.392668,97.618956,74.10145039182309822933802933
195,97.409303,97.919306,96.782330,97.618956,74.16269267331317927016698377
196,97.386328,97.779390,97.214465,97.618956,113.3052219643148674776966800
197,97.779390,97.813223,97.430920,97.618956,72.68052029106471678687739768
198,97.813223,97.820599,97.007563,97.618956,83.53615383075073452801007078
199,97.713551,97.737484,97.578005,97.618956,113.3438269074307918060640077
200,97.712496,97.754753,97.205657,97.618955999999997175109456293284893035888671875,81.01485197384300285250446906
201,97.471816,97.807227,97.302964,97.618955999999997175109456293284893035888671875,107.6287248372184883749014262
202,97.683712,97.739840,97.280161,97.618955999999997175109456293284893035888671875,84.07603566952265161660307059
203,97.696233,97.739840,97.394467,97.618955999999997175109456293284893035888671875,114.0843569269704378399410416
204,97.716635,97.772337,97.430325,97.618955999999997175109456293284893035888671875,103.3707671921223010258472641
205,97.772337,97.781320,97.618955999999997175109456293284893035888671875,97.618955999999997175109456293284893035888671875,74.09424268720696460377439508
206,97.781320,97.795856,97.512072,97.618955999999997175109456293284893035888671875,74.69398303458699750478899660
207,97.748864,97.818793,97.335019,97.618955999999997175109456293284893035888671875,123.1553106543819939844297550
208,97.703105,97.839207,97.618955999999997175109456293284893035888671875,97.618955999999997175109456293284893035888671875,64.41281883799300622683858819
209,97.813092,97.843240,97.618955999999997175109456293284893035888671875,97.618955999999997175109456293284893035888671875,74.59344364891662060301769086
210,97.843240,97.851811,97.618955999999997175109456293284893035888671875,97.618955999999997175109456293284893035888671875,93.92200143662160094493174256
211,97.776842,97.853302,97.259688,97.618955999999997175109456293284893035888671875,83.06414941982826150024266098
212,97.853302,97.869433,97.510206,97.618955999999997175109456293284893035888671875,86.18860445916668311383546098
213,97.869433,97.883847,97.498831,97.618955999999997175109456293284893035888671875,83.35733650199592226215372648
214,97.842257,97.900311,97.416523,97.618955999999997175109456293284893035888671875,124.6016466790108676576664948
215,97.636527,97.862454,97.332113,97.618955999999997175109456293284893035888671875,73.79575766050182217270503316
216,97.665904,97.889268,97.339101,97.618955999999997175109456293284893035888671875,74.05256266291736899631814595
217,97.889268,97.903563,97.212629,97.618955999999997175109456293284893035888671875,94.49133345881860535087071185
218,97.748951,97.812192,97.462963,97.618955999999997175109456293284893035888671875,101.3717364125577429234681404
219,97.644589,97.909498,97.168251,97.618955999999997175109456293284893035888671875,61.15592950477749489834877753
220,97.618955999999997175109456293284893035888671875,97.722078,96.850057,97.618955999999997175109456293284893035888671875,99.03757744573031729373724389
221,97.369953,97.739933,97.369953,97.618955999999997175109456293284893035888671875,139.3536024827661385927513038
222,97.537918,97.739933,97.118368,97.380190,107.6888658812791046415213714
223,97.618955999999997175109456293284893035888671875,97.764887,97.136561,97.380190,132.2177887940638854047392669
224,97.764887,97.823771,97.380189999999998917701304890215396881103515625,97.380190,75.80337197621323497287448845
225,97.823771,97.861830,97.380189999999998917701304890215396881103515625,97.380190,96.33788660810033555037534826
226,97.482379,97.762884,96.977764,97.380190,156.7949318808880470044186948
227,97.520277,97.742547,96.983631,97.380190,111.5986359979571478362458947
228,97.502357,97.865468,97.380189999999998917701304890215396881103515625,97.380190,116.6257892221490948259088328
229,97.379587,97.768835,97.379587,97.380190,73.02956616383846366602483613
230,97.683983,97.796139,97.277995,97.380190,84.31176343952516027968613345
231,97.361845,97.713005,97.057691,97.380190,84.60080650846934169351243326
232,97.713005,97.834037,96.978895,97.380190,104.0699189409911795678453928
233,97.676812,97.760430,97.277730,97.380190,64.97652444018136463910195744
234,97.321045,97.657356,97.321045,97.380190,83.64093006600115920434745932
235,97.760430,97.784997,97.319658,97.380190,74.33958013107559104071242472
236,97.784997,97.791946,96.937678,97.380190,104.6666355880895462604485147
237,97.737873,97.737873,97.380189999999998917701304890215396881103515625,97.380190,53.59375263486761120645951450
238,97.554177,97.642801,97.332401,97.380190,101.0849491079550421801513948
239,97.537109,97.694472,97.222659,97.380190,123.8298127453124592989297526
240,97.694472,97.747776,97.271428,97.380190,115.6224867959593094468573326
241,97.468342,97.778539,97.380189999999998917701304890215396881103515625,97.380190,84.05881094481962279019171547
242,97.778539,97.785358,97.271625,97.380190,72.48575914376459650156903081
243,97.577201,97.617506,97.106607,97.380190,113.5440172019482094611930734
244,97.617506,97.723391,97.353781,97.380190,63.43875324477052402016852286
245,97.714075,97.732846,97.380189999999998917701304890215396881103515625,97.380190,74.35855889577991284511426784
246,97.732846,97.749959,97.321612,97.380190,95.56158122246197272886547580
247,97.582645,97.792083,97.210344,97.380190,92.93752039937291620219639300
248,97.584569,97.795693,97.267207,97.380190,92.21752847641918116039505549
249,97.271721,97.797482,97.271721,97.380190,73.75465535393511196105009730
250,97.745664,97.802311,97.148090,97.380190,102.6431709486452401591805028
251,97.802311,97.815817,97.048942,97.380190,76.13933214671496507719439250
252,97.546779,97.646036,97.041124,97.380190,113.8173770322662878839992118
253,97.296497,97.765782,97.296497,97.380190,90.01628199584627409990389424
254,97.703419,97.775120,97.380189999999998917701304890215396881103515625,97.380190,104.0145334495189093360068000
255,97.775120,97.821917,97.380189999999998917701304890215396881103515625,97.380190,83.42242528968723824789321952
256,97.240293,97.620133,97.240293,97.380190,93.50748294640876423500230884
257,97.551681,97.602134,97.112370,97.380190,125.5962394331547447023922359
258,97.724744,97.754666,97.213697,97.380190,85.13039662095796522578439181
259,97.754666,97.833554,97.380189999999998917701304890215396881103515625,97.380190,73.48078190071945137162856554
260,97.398073,97.833554,96.859360,97.380190,94.17471203305423443907784532
261,97.833554,97.835091,97.170251,97.380190,74.86668775173444423387536517
262,97.580553,97.580553,97.380189999999998917701304890215396881103515625,97.380190,65.38937629912135029996989034
263,97.497266,97.776095,97.110570,97.380190,123.8641017639212122958269902
264,97.435693,97.736361,97.169543,97.380190,125.8106930894910480134285536
265,97.230952,97.580283,97.230952,97.380190,94.65629162285697439926934750
266,97.464157,97.586752,97.107636,97.380190,93.61956357348695334508192901
267,97.586752,97.776095,97.380189999999998917701304890215396881103515625,97.380190,92.98794465115374663355396478
268,97.698585,97.716135,97.380189999999998917701304890215396881103515625,97.380190,82.99737684264074033535507623
269,97.027084,97.559938,97.019535,97.380190,83.89559521797589347613666178
270,97.009072,97.505262,97.009072,97.380190,94.01331219531558325286368925
271,97.505262,97.687543,97.199275,97.380190,95.11612581394489751573928515
272,97.365304,97.661044,97.078028,97.380189999999998917701304890215396881103515625,90.56624396669096199730120134
273,97.604618,97.687543,97.302160,97.380189999999998917701304890215396881103515625,74.20814591749720889879426978
274,97.527241,97.573354,96.860044,97.380189999999998917701304890215396881103515625,101.2039916863370958566292757
275,97.492955,97.525939,97.069686,97.380189999999998917701304890215396881103515625,96.08251766253742687240446682
276,97.456207,97.641536,97.056045,97.380189999999998917701304890215396881103515625,132.4462589711269018266648346
277,97.244276,97.501630,96.713520,97.380189999999998917701304890215396881103515625,122.8387991214844330301048103
278,97.193432,97.530356,97.093390,97.380189999999998917701304890215396881103515625,96.01650637803534316105924518
279,97.249872,97.634172,97.075669,97.380189999999998917701304890215396881103515625,114.3451936881104185061985845
280,97.287162,97.504894,97.172296,97.380189999999998917701304890215396881103515625,92.25897542045670540744595201
281,97.504894,97.546467,96.858532,97.380189999999998917701304890215396881103515625,73.75771357248591186817066047
282,97.181232,97.559636,97.181232,97.380189999999998917701304890215396881103515625,115.3768596778899269139628814
283,97.559636,97.642894,97.218593,97.380189999999998917701304890215396881103515625,84.35977941325326057153688452
284,97.299337,97.612332,97.234046,97.380189999999998917701304890215396881103515625,40.65533480635465224395375117
285,97.201425,97.380189999999998917701304890215396881103515625,97.156231,97.315944,68.69514294857712677355721100
286,97.380189999999998917701304890215396881103515625,97.454584,97.085844,97.315944,142.3376060489851351320567118
287,97.502993,97.538353,96.699493,97.315944,110.7473799536175178559460619
288,96.790493,97.587698,96.790493,97.315944,113.6957538893559789272558191
289,97.454902,97.495235,97.059287,97.315944,94.52130700569732546512113911
290,97.133546,97.587698,96.962783,97.315944,123.3676202843065929926069657
291,97.587698,97.587698,96.883549,97.315944,76.71843532430889922579808627
292,97.279822,97.527074,96.984598,97.315944,114.6516586533873507391945168
293,97.415784,97.532643,97.038060,97.315944,94.81143852863458931778950500
294,97.447125,97.551423,97.260251,97.315944,130.9543746397516610358024991
295,97.551423,97.635325,97.083865,97.315944,92.37380710309254361334296845
296,97.272417,97.640019,96.724509,97.315944,112.6533912257280238833345720
297,97.287862,97.640019,96.933640,97.315944,104.1904362143371027826788122
298,96.858935,97.642894,96.858935,97.315944,92.87687007331336630500118188
299,97.420546,97.642894,97.122464,97.315944,74.62826174369781107031940337
300,97.102031,97.513450,97.076985,97.31594400000000177897163666784763336181640625,74.48172336558917905335874827
301,97.243305,97.642894,96.893549,97.31594400000000177897163666784763336181640625,99.06837682000373312973806604
302,96.940155,97.361756,96.940155,97.31594400000000177897163666784763336181640625,123.9672953886763160369355320
303,97.31594400000000177897163666784763336181640625,97.625276,97.31594400000000177897163666784763336181640625,97.31594400000000177897163666784763336181640625,88.25207846872427630557922379
304,97.177670,97.664515,97.177670,97.31594400000000177897163666784763336181640625,111.6388094734239295746647258
305,97.664515,97.683402,97.250144,97.31594400000000177897163666784763336181640625,83.95266634608154632246623805
306,97.455047,97.527450,97.247290,97.31594400000000177897163666784763336181640625,58.69201987161516065327759860
307,97.527450,97.540471,97.269610,97.31594400000000177897163666784763336181640625,83.30563345430016575221543462
308,96.763945,97.643958,96.763945,97.31594400000000177897163666784763336181640625,110.8922351304946634087400526
309,97.288928,97.413673,96.901339,97.362794,119.1444936038296855684848199
310,97.166960,97.657090,97.166960,97.657090,136.5952052463148600480735695
311,97.000531,97.6570899999999966212271829135715961456298828125,96.953998,97.6570899999999966212271829135715961456298828125,109.6587868834676253726456707
312,97.300320,97.683402,97.150374,97.6570899999999966212271829135715961456298828125,99.74354527869336628498331264
313,97.392088,97.591867,97.392088,97.591867,14.22861820968437740475565079
314,97.310104,97.608475,97.098720,97.5918669999999934816514723934233188629150390625,74.50406727646962501410143886
315,97.648438,97.6570899999999966212271829135715961456298828125,97.034846,97.5918669999999934816514723934233188629150390625,83.45487487024743344932176115
316,97.226158,97.6570899999999966212271829135715961456298828125,97.134898,97.467928,142.4402040387274066546297036
317,97.289840,97.503429,97.053410,97.467928000000000565705704502761363983154296875,48.43982028219879332198161136
318,97.282861,97.564171,96.957053,97.467928000000000565705704502761363983154296875,94.69355440319097994006369844
319,97.083906,97.420036,97.083906,97.420036,35.37657204466492188998927304
320,97.200367,97.428975,97.111038,97.4200359999999960791683406569063663482666015625,54.00689789185527445170009742
321,97.4200359999999960791683406569063663482666015625,97.428975,96.897978,97.4200359999999960791683406569063663482666015625,98.59903772837794200256666956
322,97.041339,97.440069,97.041339,97.4200359999999960791683406569063663482666015625,69.71023450936219667539717193
323,97.355402,97.4200359999999960791683406569063663482666015625,96.973473,97.393828,77.16840204700856276076592621
324,97.393828,97.4200359999999960791683406569063663482666015625,96.756425,97.348255,112.2198613570609690981427775
325,97.178932,97.3938279999999991787262842990458011627197265625,96.906499,97.3482549999999946521711535751819610595703125,102.7313480155973888230391822
326,97.157618,97.3482549999999946521711535751819610595703125,96.508030,97.3482549999999946521711535751819610595703125,99.44939919858361676574531887
327,97.239637,97.419790,97.144354,97.3482549999999946521711535751819610595703125,114.0581287054880359477238018
328,97.171633,97.453438,96.879817,97.3482549999999946521711535751819610595703125,125.6736658503696091315759984
329,97.297164,97.467928000000000565705704502761363983154296875,97.292301,97.467928000000000565705704502761363983154296875,70.52326063331609873330307888
330,97.3482549999999946521711535751819610595703125,97.467928000000000565705704502761363983154296875,96.762629,97.467928000000000565705704502761363983154296875,183.9638666244609463973347375
331,97.172850,97.467928000000000565705704502761363983154296875,96.976699,97.467928000000000565705704502761363983154296875,101.6547795041742396904282941
332,97.114010,97.467928000000000565705704502761363983154296875,96.897457,97.295743,66.56840987639864515301724165
333,97.295743,97.440931,96.844451,97.361506,105.2699575519963985925642192
334,97.295743,97.463706,96.758011,97.3615060000000056561475503258407115936279296875,96.48641740361248864132903691
335,96.707926,97.3615060000000056561475503258407115936279296875,96.707926,97.150954,74.57731444390772423957969294
336,97.331908,97.390840,97.040635,97.150954,140.8060723542068259916959505
337,96.963976,97.390840,96.687629,97.150954,100.4118169433114573507737077
338,97.390840,97.467928000000000565705704502761363983154296875,97.030629,97.150954,109.0223161979136090593556218
339,96.976144,97.472852,96.976144,97.150954,137.7593421303871092931103701
340,97.176356,97.487893,96.728070,97.150954,92.48182711170922409849026734
341,97.487893,97.488494,97.1509539999999987003320711664855480194091796875,97.150954,66.84250211831470522838571924
342,97.389627,97.424041,96.797817,97.150954,101.1831880260271709914832172
343,97.332208,97.488720,96.987546,97.150954,84.53097910668138226242263045
344,97.459676,97.459676,96.746939,97.150954,114.1387211593648345342444372
345,96.771470,97.493187,96.771470,97.150954,103.8658739104083217341667478
346,97.299042,97.507511,96.708865,97.150954,84.37518727718037325757904909
347,96.951669,97.507511,96.951669,97.150954,84.25900427352751265175356820
348,97.248264,97.514232,96.832376,97.150954,84.28740566899896791142055008
349,96.872072,97.342599,96.519683,97.150954,101.1251539069988663044341593
350,97.252998,97.505290,96.745839,97.150954,104.8277171612937426203870927
351,97.505290,97.515979,96.741731,97.150954,92.73689175185890753994044643
352,97.148546,97.280517,96.679879,97.150954,83.86276505060408226199797354
353,97.108405,97.381954,97.062871,97.150954,73.04025359179967935574495641
354,97.066758,97.402486,96.837321,97.150954,105.2923303900410250122376965
355,97.192709,97.257164,96.610630,97.150954,73.17969000193183681801656348
356,96.710688,97.481821,96.710688,97.150954,135.4956027552750903453215869
357,97.481821,97.500454,97.084855,97.150954,84.30876571786951245712771197
358,96.936371,97.345243,96.936371,97.150954,74.56350277308480656301981071
359,97.237900,97.331461,96.987697,97.150954,103.1729946654816476581117968
360,97.324196,97.324196,97.1509539999999987003320711664855480194091796875,97.150954,53.98594567383067577281963168
361,97.304145,97.334237,97.039377,97.150954,74.66566357502463979756157642
362,96.916704,97.407955,96.832293,97.150954,83.94528618456440582917821304
363,97.120601,97.280902,96.777944,97.150954,95.36235144951281306191503972
364,97.280902,97.347108,96.790306,97.150954,115.4398673447016179238744371
365,97.330161,97.426110,97.1509539999999987003320711664855480194091796875,97.150954,85.10550756119900484009122010
366,96.702012,97.466737,96.702012,97.150954,74.89311350996843152927340270
367,97.182884,97.339072,96.763705,97.150954,103.5357697292577032754934407
368,97.339072,97.479956,96.981352,97.150954,94.07379645328377293367339006
369,97.399383,97.479956,96.974811,97.150954,84.29084056035370586812405236
370,97.102380,97.300850,96.688898,97.150954,94.27567562364023068255391991
371,97.300850,97.376037,96.739271,97.150954,94.88578166424521498356625670
372,97.220354,97.422710,97.1509539999999987003320711664855480194091796875,97.150954,95.23790367703164960744288692
373,97.422710,97.485626,96.773458,97.150954,122.6012755910974476591945859
374,97.149288,97.499914,96.970495,97.150954,112.9694147590445769679945442
375,97.409863,97.500454,96.949712,97.150954,87.70575979246191877791716255
376,97.329832,97.515979,96.857598,97.150954,93.90320898721309283985192451
377,97.333373,97.516464,97.017018,97.150954,94.26068674991737594837104552
378,96.804508,97.342042,96.804508,97.150954,93.04889467209828346483391215
379,97.340394,97.457802,97.046969,97.150954,84.20155604175026020641325885
380,97.457802,97.502351,96.640141,97.150954,112.7701933057344696464951995
381,97.050933,97.523091,97.050933,97.150954,93.33496286785988260703561536
382,97.523091,97.531899,96.554676,97.150954,105.9068456547819039315072587
383,97.011046,97.538577,97.011046,97.150954,111.3292985215945787302871395
384,97.047414,97.462684,97.047414,97.150954,104.4010154014499178742880758
385,97.203205,97.543089,97.038466,97.1509539999999987003320711664855480194091796875,89.80890793436021013462777773
386,97.357995,97.464608,97.019227,97.1509539999999987003320711664855480194091796875,75.82760487887776967852460076
387,97.070350,97.484680,96.520705,97.1509539999999987003320711664855480194091796875,106.1267283070107332321185822
388,96.830028,97.411369,96.830028,97.1509539999999987003320711664855480194091796875,95.69113557894102584100437531
389,96.913474,97.544545,96.913474,97.1509539999999987003320711664855480194091796875,95.35493988391118058700612886
390,97.1509539999999987003320711664855480194091796875,97.544545,96.680992,96.871043,86.89861986243950653374668040
391,97.1509539999999987003320711664855480194091796875,97.288541,96.705766,96.871043,112.4712589150062207465907704
392,97.224796,97.363818,96.871043,96.871043,87.82145020111092748038572608
393,97.027985,97.145491,96.793296,96.871043,74.10035190213432976236163086
394,96.762913,97.319208,96.762913,96.871043,94.26040256485414303710967942
395,97.141311,97.317597,96.871043,96.871043,72.49578549881747235872353486
396,97.317597,97.342795,96.538208,96.871043,84.91580211995577975869764486
397,97.248650,97.345275,96.871043,96.871043,63.07008874086517735690904373
398,97.030804,97.356293,96.871043,96.871043,75.29319117113407244801237540
399,96.610148,97.350403,96.297437,96.871043,83.86869292828563793307239393
